data_type,n_points,dimension,iteration,cost,error,normalized_error
student_t,32000,15,1,10.834452048966849,4.532457914209542,0.30216386094730274
student_t,32000,15,2,9.622803455518573,1.5704896406574103,0.10469930937716067
student_t,32000,15,3,9.114604364518005,0.29961390620817663,0.01997426041387844
student_t,32000,15,4,9.045509027675847,0.08826651488093215,0.005884434325395476
student_t,32000,15,5,9.018326777513881,0.0416648751468099,0.0027776583431206596
student_t,32000,15,6,9.017124097606091,0.033894899921734986,0.0022596599947823323
