n_points,log2_n,gaussian_mean_log2_inv_eps,gaussian_std_log2_inv_eps,exponential_mean_log2_inv_eps,exponential_std_log2_inv_eps,student_t_mean_log2_inv_eps,student_t_std_log2_inv_eps
200,7.643856189774724,10.335995722874154,0.49692528162985933,4.125619929485462,0.8937992014467349,4.5440807399890595,1.3352290473596926
400,8.643856189774725,11.356091664859829,0.8038664905299012,5.098379200553753,0.8777095232984009,5.022095470357056,1.2224835270876167
800,9.643856189774725,12.204381947071418,0.4479213984578876,5.803422756086922,0.6519440338359268,6.3336543100788685,0.6103702610335066
1600,10.643856189774725,13.424331519497887,0.5640239257140259,6.930616852400038,0.5624673651343649,7.5394604726796075,0.8639675577225344
3200,11.643856189774725,14.535783867422747,0.5718272456954756,8.00304044768834,0.5605090213358719,8.82916462229637,0.396464292972395
