n_points,log2_n,gaussian_mean_log2_inv_eps,gaussian_std_log2_inv_eps,exponential_mean_log2_inv_eps,exponential_std_log2_inv_eps,student_t_mean_log2_inv_eps,student_t_std_log2_inv_eps
200,7.643856189774724,10.135451722677551,0.47282217257088477,3.5405085584801186,1.2943783477212818,3.958279183877179,1.2241094663852727
400,8.643856189774725,11.368839036097866,0.8663849770858925,5.213740095404785,0.9847882975516752,4.477814024716148,1.5983068444047654
800,9.643856189774725,12.01741804603574,0.36794029607549894,6.180452768950632,0.5857670820038675,6.617721082852347,0.8634775117324995
1600,10.643856189774725,13.367769281935448,0.612430276908437,6.530603400801174,0.633205239457373,7.472202214683813,0.8950677593477264
3200,11.643856189774725,14.424311878376292,0.6422764897114047,7.887226912626834,0.5487553495468924,8.715297790000236,0.6031728265526349
