Dimension,Number Points,Assignment Error,Normalized Error,Iterations,Stopping Criterion,Step Size,Gradient Norm
50,100,1.39467329584337,0.027893465916867397,324,"Terminated - min grad norm reached after 324 iterations, 4.20 seconds.",0.0031133576134264817,9.215812601144674e-07
50,200,0.5126325235237097,0.010252650470474193,53,"Terminated - min grad norm reached after 53 iterations, 1.41 seconds.",0.007635767523357376,8.78349216547862e-07
50,400,0.23770033326940787,0.004754006665388157,31,"Terminated - min grad norm reached after 31 iterations, 1.69 seconds.",0.0013176240852111494,9.551631829221106e-07
50,800,0.119722289270955,0.0023944457854191,11,"Terminated - min grad norm reached after 11 iterations, 1.42 seconds.",0.003305301107736386,6.814479058926545e-07
50,1600,0.06331656453802739,0.0012663312907605477,7,"Terminated - min grad norm reached after 7 iterations, 1.79 seconds.",0.003805886515870758,5.410636268783174e-07
50,3200,0.030972555244454483,0.0006194511048890896,6,"Terminated - min grad norm reached after 6 iterations, 3.07 seconds.",0.0014224488558803045,4.29185036242428e-07
50,6400,0.01566273067956507,0.00031325461359130136,4,"Terminated - min grad norm reached after 4 iterations, 4.45 seconds.",0.0024116634282239638,6.08632764785216e-07
