Dimension,Number Points,Assignment Error,Normalized Error,Iterations,Stopping Criterion,Step Size,Gradient Norm
100,100,42.49761912198711,0.42497619121987107,512,"Terminated - min step_size reached after 512 iterations, 11.11 seconds.",8.090517484454126e-13,0.0001490180100494803
100,200,10.501377321184,0.10501377321184,447,"Terminated - min step_size reached after 447 iterations, 19.96 seconds.",6.761369852782015e-13,8.210045070736272e-05
100,400,21.009510965677297,0.21009510965677297,69,"Terminated - min step_size reached after 69 iterations, 6.65 seconds.",6.108853550146398e-13,0.00020445749639445344
100,800,26.72214838686096,0.2672214838686096,146,"Terminated - min step_size reached after 146 iterations, 27.51 seconds.",2.913730195889305e-13,4.762893910834044e-05
100,1600,3.219609544701274,0.03219609544701274,2816,Terminated - max time reached after 2816 iterations.,9.460642351111903e-06,5.1807867965623466e-08
100,3200,39.3211603298895,0.39321160329889504,56,"Terminated - min step_size reached after 56 iterations, 39.80 seconds.",9.200233500572686e-13,9.804709928848975e-05
100,6400,40.20271497410488,0.4020271497410488,361,"Terminated - min step_size reached after 361 iterations, 477.97 seconds.",-0.0,9.282452024608664e-06
