Dimension,Number Points,Assignment Error,Normalized Error,Iterations,Stopping Criterion,Step Size,Gradient Norm
75,100,32.334937088749,0.43113249451665325,5000,Terminated - max iterations reached after 108.86 seconds.,0.00014685881785178964,8.394538815748939e-06
75,200,15.152805495372238,0.20203740660496314,157,"Terminated - min step_size reached after 157 iterations, 6.66 seconds.",8.807380187822522e-13,0.00029544372542960847
75,400,9.73185349314661,0.1297580465752881,1167,"Terminated - min step_size reached after 1167 iterations, 96.96 seconds.",7.672457720020508e-13,9.043899825998236e-06
75,800,8.733208504369264,0.11644278005825683,148,"Terminated - min step_size reached after 148 iterations, 25.44 seconds.",7.910997621737954e-13,2.631359874830616e-05
75,1600,25.791235783700973,0.3438831437826796,177,"Terminated - min step_size reached after 177 iterations, 60.21 seconds.",8.706773953537255e-13,3.187813966888712e-05
75,3200,14.995391001488786,0.19993854668651712,55,"Terminated - min step_size reached after 55 iterations, 37.65 seconds.",4.637520768629928e-13,5.9850029790440817e-05
75,6400,20.80311055408302,0.27737480738777354,49,"Terminated - min step_size reached after 49 iterations, 67.34 seconds.",3.1183402492099743e-14,5.562970482186144e-05
