Dimension,Number Points,Assignment Error,Normalized Error,Iterations,Stopping Criterion,Step Size,Gradient Norm
2,100,0.0032249908820870957,0.0016124954410435474,11,"Terminated - min grad norm reached after 11 iterations, 0.14 seconds.",1.6570920515580143e-06,5.097013859365504e-07
2,200,0.0006932214453987686,0.00034661072269938424,10,"Terminated - min grad norm reached after 10 iterations, 0.28 seconds.",7.717304915897671e-07,3.174107207407561e-07
2,400,0.00010126511171448638,5.0632555857243174e-05,10,"Terminated - min grad norm reached after 10 iterations, 0.55 seconds.",2.272578938289904e-07,8.265946354157183e-08
2,800,0.00011875250714107728,5.9376253570538626e-05,7,"Terminated - min grad norm reached after 7 iterations, 0.82 seconds.",5.412336327221028e-07,1.6726004438967537e-07
2,1600,1.824500050640383e-05,9.122500253201913e-06,10,"Terminated - min grad norm reached after 10 iterations, 2.35 seconds.",1.7908229559361508e-06,6.634602601746481e-07
2,3200,2.399829807032465e-06,1.1999149035162324e-06,9,"Terminated - min grad norm reached after 9 iterations, 4.54 seconds.",1.3109424836568506e-06,4.0911695254574387e-07
2,6400,3.1738612928845396e-06,1.5869306464422694e-06,8,"Terminated - min grad norm reached after 8 iterations, 8.31 seconds.",1.2465444486576949e-08,3.6329257443298453e-09
