Dimension,Number Points,Assignment Error,Normalized Error,Iterations,Stopping Criterion,Step Size,Gradient Norm
25,100,0.1607188413693305,0.006428753654773221,49,"Terminated - min grad norm reached after 49 iterations, 0.57 seconds.",0.0016658230259591538,8.64270360421854e-07
25,200,0.12205572787736484,0.004882229115094594,35,"Terminated - min grad norm reached after 35 iterations, 0.88 seconds.",0.0010997995571279408,6.33648475332618e-07
25,400,0.06291583688886998,0.0025166334755547994,11,"Terminated - min grad norm reached after 11 iterations, 0.58 seconds.",0.00024221150650917254,2.3971029352913764e-07
25,800,0.03573176187940487,0.0014292704751761947,8,"Terminated - min grad norm reached after 8 iterations, 0.95 seconds.",0.0003192189646149256,4.6929177413519865e-07
25,1600,0.013098167463625923,0.0005239266985450369,7,"Terminated - min grad norm reached after 7 iterations, 1.74 seconds.",0.00038879671824778173,3.344618528384323e-07
25,3200,0.008188114762689264,0.00032752459050757057,6,"Terminated - min grad norm reached after 6 iterations, 2.88 seconds.",0.0004704417217114577,3.6536299083970297e-07
25,6400,0.0035534022381894024,0.0001421360895275761,8,"Terminated - min grad norm reached after 8 iterations, 7.90 seconds.",0.0004219763050495228,4.314794912084912e-07
